W,W,W,B,G,R,G,G,G,G,G,G,G,G,G,G,G,G,G,G,G,G,G,G,G,G,G,G,G,G,G,G,G,G,G,G,G,G,G,G,G,G,G,G,G,G,G,G,G,G,G,G,G,G,G,G,G,G,G,G,G,G,G,G,G,G,G,G,G,G,G,G,G,G,G,G,G,G,G,G,G,G,G,G,G,G,G,G,G,G,G,G,G,G,G,G,G,G,G,G
W,W,W,B,G,R,G,G,G,G,G,G,G,G,G,G,G,G,G,G,G,G,G,G,G,G,G,G,G,G,G,G,G,G,G,G,G,G,G,G,G,G,G,G,G,G,G,G,G,G,G,G,G,G,G,G,G,G,G,G,G,G,G,G,G,G,G,G,G,G,G,G,G,G,G,G,G,G,G,G,G,G,G,G,G,G,G,G,G,G,G,G,G,G,G,G,G,G,G,G
W,W,W,B,G,R,G,G,G,G,G,G,G,G,G,G,G,G,G,G,G,G,G,G,G,G,G,G,G,G,G,G,G,G,G,G,G,G,G,G,G,G,G,G,G,G,G,G,G,G,G,G,G,G,G,G,G,G,G,G,G,G,G,G,G,G,G,G,G,G,G,G,G,G,G,G,G,G,G,G,G,G,G,G,G,G,G,G,G,G,G,G,G,G,G,G,G,G,G,G
W,W,W,B,G,R,G,G,G,G,G,G,G,G,G,G,G,G,G,G,G,G,G,G,G,G,G,G,G,G,G,G,G,G,G,G,G,G,G,G,G,G,G,G,G,G,G,G,G,G,G,G,G,G,G,G,G,G,G,G,G,G,G,G,G,G,G,G,G,G,G,G,G,G,G,G,G,G,G,G,G,G,G,G,G,G,G,G,G,G,G,G,G,G,G,G,G,G,G,G
W,W,W,B,G,R,G,P,P,P,P,P,P,P,P,P,P,P,P,P,P,P,P,P,P,P,P,P,P,P,P,P,P,G,G,G,G,G,G,G,G,G,G,G,G,G,G,G,G,G,G,G,G,G,G,G,G,G,G,G,G,G,G,G,G,G,G,G,G,G,G,G,G,G,G,G,G,G,G,G,G,G,G,G,G,G,G,G,G,G,G,G,G,G,G,G,G,G,G,G
W,W,W,B,G,R,G,P,P,P,P,P,P,P,P,P,P,P,P,P,P,P,P,P,P,P,P,P,P,P,P,P,P,G,G,G,G,G,G,G,G,G,G,G,G,G,G,G,G,G,G,G,G,G,G,G,G,G,G,G,G,G,G,G,G,G,G,G,G,G,G,G,G,G,G,G,G,G,G,G,G,G,G,G,G,G,G,G,G,G,G,G,G,G,G,G,G,G,G,G
W,W,W,B,G,R,G,P,G,G,G,G,G,G,G,G,G,G,G,G,G,G,G,G,G,G,G,G,G,G,G,G,P,G,G,G,G,G,G,G,G,G,G,G,G,G,G,G,G,G,G,G,G,G,G,G,G,G,G,G,G,G,G,G,G,G,G,G,G,G,G,G,G,G,G,G,G,G,G,G,G,G,G,G,G,G,G,G,G,G,G,G,G,G,G,G,G,G,G,G
W,W,W,B,G,R,G,P,G,G,G,G,G,G,G,G,G,G,G,G,G,G,G,G,G,G,G,G,G,G,G,G,P,G,G,G,G,G,G,G,G,G,G,G,G,G,G,G,G,G,G,G,G,G,G,G,G,G,G,G,G,G,G,G,G,G,G,G,G,G,G,G,G,G,G,G,G,G,G,G,G,G,G,G,G,G,G,G,G,G,G,G,G,G,G,G,G,G,G,G
W,W,W,B,G,R,G,P,G,G,G,G,G,G,G,G,G,G,G,G,G,G,G,G,G,G,G,G,G,G,G,G,P,G,G,G,G,G,G,G,G,G,G,G,G,G,G,G,G,G,G,G,G,G,G,G,G,G,G,G,G,G,G,G,G,G,G,G,G,G,G,G,G,G,G,G,G,G,G,G,G,G,G,G,G,G,G,G,G,G,G,G,G,G,G,G,G,G,G,G
W,W,W,B,G,R,G,P,G,G,G,G,G,G,G,G,G,G,G,G,G,G,G,G,G,G,G,G,G,G,G,G,P,G,G,G,G,G,G,G,G,G,G,G,G,G,G,G,G,G,G,G,G,G,G,G,G,G,G,G,G,G,G,G,G,G,G,G,G,G,G,G,G,G,G,G,G,G,G,G,G,G,G,G,G,G,G,G,G,G,G,G,G,G,G,G,G,G,G,G
W,W,W,B,G,R,G,P,G,G,G,G,G,G,G,G,G,G,G,G,G,G,G,G,G,G,G,G,G,G,G,G,P,G,G,G,G,G,G,G,G,G,G,G,G,G,G,G,G,G,G,G,G,G,G,G,G,G,G,G,G,G,G,G,G,G,G,G,G,G,G,G,G,G,G,G,G,G,G,G,G,G,G,G,G,G,G,G,G,G,G,G,G,G,G,G,G,G,G,G
W,W,W,B,G,R,G,P,G,G,G,G,G,G,G,G,G,G,G,G,G,G,G,G,G,G,G,G,G,G,G,G,P,G,G,G,G,G,G,G,G,G,G,G,G,G,G,G,G,G,G,G,G,G,G,G,G,G,G,G,G,G,G,G,G,G,G,G,G,G,G,G,G,G,G,G,G,G,G,G,G,G,G,G,G,G,G,G,G,G,G,G,G,G,G,G,G,G,G,G
W,W,W,B,G,R,G,P,G,G,G,G,G,G,G,G,G,G,G,G,G,G,G,G,G,G,G,G,G,G,G,G,P,G,G,G,G,G,G,G,G,G,G,G,G,G,G,G,G,G,G,G,G,G,G,G,G,G,G,G,G,G,G,G,G,G,G,G,G,G,G,G,G,G,G,G,G,G,G,G,G,G,G,G,G,G,G,G,G,G,G,G,G,G,G,G,G,G,G,G
W,W,W,B,G,R,G,P,G,G,G,G,G,G,G,G,G,G,G,G,G,G,G,G,G,G,G,G,G,G,G,G,P,G,G,G,G,G,G,G,G,G,G,G,G,G,G,G,G,G,G,G,G,G,G,G,G,G,G,G,G,G,G,G,G,G,G,G,G,G,G,G,G,G,G,G,G,G,G,G,G,G,G,G,G,G,G,G,G,G,G,G,G,G,G,G,G,G,G,G
W,W,W,B,G,R,G,P,G,G,G,G,G,G,G,G,G,G,G,G,G,G,G,G,G,G,G,G,G,G,G,G,P,G,G,G,G,G,G,G,G,G,G,G,G,G,G,G,G,G,G,G,G,G,G,G,G,G,G,G,G,G,G,G,G,G,G,G,G,G,G,G,G,G,G,G,G,G,G,G,G,G,G,G,G,G,G,G,G,G,G,G,G,G,G,G,G,G,G,G
W,W,W,B,G,R,G,P,G,G,G,G,G,G,G,G,G,G,G,G,G,G,G,G,G,G,G,G,G,G,G,G,P,G,G,G,G,G,G,G,G,G,G,G,G,G,G,G,G,G,G,G,G,G,G,G,G,G,G,G,G,G,G,G,G,G,G,G,G,G,G,G,G,G,G,G,G,G,G,G,G,G,G,G,G,G,G,G,G,G,G,G,G,G,G,G,G,G,G,G
W,W,W,B,G,R,G,P,G,G,G,G,G,G,G,G,G,G,G,G,G,G,G,G,G,G,G,G,G,G,G,G,P,G,G,G,G,G,G,G,G,G,G,G,G,G,G,G,G,G,G,G,G,G,G,G,G,G,G,G,G,G,G,G,G,G,G,G,G,G,G,G,G,G,G,G,G,G,G,G,G,G,G,G,G,G,G,G,G,G,G,G,G,G,G,G,G,G,G,G
W,W,W,B,G,R,G,P,G,G,G,G,G,G,G,G,G,G,G,G,G,G,G,G,G,G,G,G,G,G,G,G,P,G,G,G,G,G,G,G,G,G,G,G,G,G,G,G,G,G,G,G,G,G,G,G,G,G,G,G,G,G,G,G,G,G,G,G,G,G,G,G,G,G,G,G,G,G,G,G,G,G,G,G,G,G,G,G,G,G,G,G,G,G,G,G,G,G,G,G
W,W,W,B,G,R,G,P,G,G,G,G,G,G,G,G,G,G,G,G,G,G,G,G,G,G,G,G,G,G,G,G,P,G,G,G,G,G,G,G,G,G,G,G,G,G,G,G,G,G,G,G,G,G,G,G,G,G,G,G,G,G,G,G,G,G,G,G,G,G,G,G,G,G,G,G,G,G,G,G,G,G,G,G,G,G,G,G,G,G,G,G,G,G,G,G,G,G,G,G
W,W,W,B,G,R,G,P,G,G,G,G,G,G,G,G,G,G,G,G,G,G,G,G,G,G,G,G,G,G,G,G,P,G,G,G,G,G,G,G,G,G,G,G,G,G,G,G,G,G,G,G,G,G,G,G,G,G,G,G,G,G,G,G,G,G,G,G,G,G,G,G,G,G,G,G,G,G,G,G,G,G,G,G,G,G,G,G,G,G,G,G,G,G,G,G,G,G,G,G
W,W,W,B,G,R,G,P,G,G,G,G,G,G,G,G,G,G,G,G,G,G,G,G,G,G,G,G,G,G,G,G,P,G,G,G,G,G,G,G,G,G,G,G,G,G,G,G,G,G,G,G,G,G,G,G,G,G,G,G,G,G,G,G,G,G,G,G,G,G,G,G,G,G,G,G,G,G,G,G,G,G,G,G,G,G,G,G,G,G,G,G,G,G,G,G,G,G,G,G
W,W,W,B,G,R,G,P,G,G,G,G,G,G,G,G,G,G,G,G,G,G,G,G,G,G,G,G,G,G,G,G,P,G,G,G,G,G,G,G,G,G,G,G,G,G,G,G,G,G,G,G,G,G,G,G,G,G,G,G,G,G,G,G,G,G,G,G,G,G,G,G,G,G,G,G,G,G,G,G,G,G,G,G,G,G,G,G,G,G,G,G,G,G,G,G,G,G,G,G
W,W,W,B,G,R,G,P,G,G,G,G,G,G,G,G,G,G,G,G,G,G,G,G,G,G,G,G,G,G,G,G,P,G,G,G,G,G,G,G,G,G,G,G,G,G,G,G,G,G,G,G,G,G,G,G,G,G,G,G,G,G,G,G,G,G,G,G,G,G,G,G,G,G,G,G,G,G,G,G,G,G,G,G,G,G,G,G,G,G,G,G,G,G,G,G,G,G,G,G
W,W,W,B,G,R,G,P,G,G,G,G,G,G,G,G,G,G,G,G,G,G,G,G,G,G,G,G,G,G,G,G,P,G,G,G,G,G,G,G,G,G,G,G,G,G,G,G,G,G,G,G,G,G,G,G,G,G,G,G,G,G,G,G,G,G,G,G,G,G,G,G,G,G,G,G,G,G,G,G,G,G,G,G,G,G,G,G,G,G,G,G,G,G,G,G,G,G,G,G
W,W,W,B,G,R,G,P,G,G,G,G,G,G,G,G,G,G,G,G,G,G,G,G,G,G,G,G,G,G,G,G,P,G,G,G,G,G,G,G,G,G,G,G,G,G,G,G,G,G,G,G,G,G,G,G,G,G,G,G,G,G,G,G,G,G,G,G,G,G,G,G,G,G,G,G,G,G,G,G,G,G,G,G,G,G,G,G,G,G,G,G,G,G,G,G,G,G,G,G
W,W,W,B,G,R,G,P,G,G,G,G,G,G,G,G,G,G,G,G,G,G,G,G,G,G,G,G,G,G,G,G,P,G,G,G,G,G,G,G,G,G,G,G,G,G,G,G,G,G,G,G,G,G,G,G,G,G,G,G,G,G,G,G,G,G,G,G,G,G,G,G,G,G,G,G,G,G,G,G,G,G,G,G,G,G,G,G,G,G,G,G,G,G,G,G,G,G,G,G
W,W,W,B,G,R,G,P,G,G,G,G,G,G,G,G,G,G,G,G,G,G,G,G,G,G,G,G,G,G,G,G,P,G,G,G,G,G,G,G,G,G,G,G,G,G,G,G,G,G,G,G,G,G,G,G,G,G,G,G,G,G,G,G,G,G,G,G,G,G,G,G,G,G,G,G,G,G,G,G,G,G,G,G,G,G,G,G,G,G,G,G,G,G,G,G,G,G,G,G
W,W,W,B,G,R,G,P,G,G,G,G,G,G,G,G,G,G,G,G,G,G,G,G,G,G,G,G,G,G,G,G,P,G,G,G,G,G,G,G,G,G,G,G,G,G,G,G,G,G,G,G,G,G,G,G,G,G,G,G,G,G,G,G,G,G,G,G,G,G,G,G,G,G,G,G,G,G,G,G,G,G,G,G,G,G,G,G,G,G,G,G,G,G,G,G,G,G,G,G
W,W,W,B,G,R,G,P,G,G,G,G,G,G,G,G,G,G,G,G,G,G,G,G,G,G,G,G,G,G,G,G,P,G,G,G,G,G,G,G,G,G,G,G,G,G,G,G,G,G,G,G,G,G,G,G,G,G,G,G,G,G,G,G,G,G,G,G,G,G,G,G,G,G,G,G,G,G,G,G,G,G,G,G,G,G,G,G,G,G,G,G,G,G,G,G,G,G,G,G
W,W,W,B,G,R,P,P,P,P,P,P,P,P,P,P,P,P,P,P,P,P,P,P,P,P,P,P,P,P,P,P,P,G,G,G,G,G,G,G,G,G,G,G,G,G,G,G,G,G,G,G,G,G,G,G,G,G,G,G,G,G,G,G,G,G,G,G,G,G,G,G,G,G,G,G,G,G,G,G,G,G,G,G,G,G,G,G,G,G,G,G,G,G,G,G,G,G,G,G
W,W,W,B,G,E,P,P,P,P,P,P,P,P,P,P,P,P,P,P,G,G,G,G,G,G,G,G,G,G,P,P,P,G,G,G,G,G,G,G,G,G,G,G,G,G,G,G,G,G,G,G,G,G,G,G,G,G,G,G,G,G,G,G,G,G,G,G,G,G,G,G,G,G,G,G,G,G,G,G,G,G,G,G,G,G,G,G,G,G,G,G,G,G,G,G,G,G,G,G
W,W,W,B,G,R,P,P,P,P,P,P,P,P,P,P,P,P,P,P,P,P,P,P,P,P,P,P,P,P,P,P,P,G,G,G,G,G,G,G,G,G,G,G,G,G,G,G,G,G,G,G,G,G,G,G,G,G,G,G,G,G,G,G,G,G,G,G,G,G,G,G,G,G,G,G,G,G,G,G,G,G,G,G,G,G,G,G,G,G,G,G,G,G,G,G,G,G,G,G
W,W,W,B,G,R,G,P,G,G,G,G,G,G,G,G,G,G,G,G,G,G,G,G,G,G,G,G,G,G,P,P,P,G,G,G,G,G,G,G,G,G,G,G,G,G,G,G,G,G,G,G,G,G,G,G,G,G,G,G,G,G,G,G,G,G,G,G,G,G,G,G,G,G,G,G,G,G,G,G,G,G,G,G,G,G,G,G,G,G,G,G,G,G,G,G,G,G,G,G
W,W,W,B,G,R,G,P,G,G,G,G,G,G,G,G,G,G,G,G,G,G,G,G,G,G,G,G,G,G,P,P,P,G,G,G,G,G,G,G,G,G,G,G,G,G,G,G,G,G,G,G,G,G,G,G,G,G,G,G,G,G,G,G,G,G,G,G,G,G,G,G,G,G,G,G,G,G,G,G,G,G,G,G,G,G,G,G,G,G,G,G,G,G,G,G,G,G,G,G
W,W,W,B,G,R,G,P,G,G,G,G,G,G,G,G,G,G,G,G,G,G,G,G,G,G,G,G,G,G,P,P,P,G,G,G,G,G,G,G,G,G,G,G,G,G,G,G,G,G,G,G,G,G,G,G,G,G,G,G,G,G,G,G,G,G,G,G,G,G,G,G,G,G,G,G,G,G,G,G,G,G,G,G,G,G,G,G,G,G,G,G,G,G,G,G,G,G,G,G
W,W,W,B,G,R,G,P,G,G,G,G,G,G,G,G,G,G,G,G,G,G,G,G,G,G,G,G,G,G,P,P,P,G,G,G,G,G,G,G,G,G,G,G,G,G,G,G,G,G,G,G,G,G,G,G,G,G,G,G,G,G,G,G,G,G,G,G,G,G,G,G,G,G,G,G,G,G,G,G,G,G,G,G,G,G,G,G,G,G,G,G,G,G,G,G,G,G,G,G
W,W,W,B,G,R,P,P,P,P,P,P,P,P,P,P,P,P,P,P,P,P,P,P,P,P,P,P,P,P,P,P,P,G,G,G,G,G,G,G,G,G,G,G,G,G,G,G,G,G,G,G,G,G,G,G,G,G,G,G,G,G,G,G,G,G,G,G,G,G,G,G,G,G,G,G,G,G,G,G,G,G,G,G,G,G,G,G,G,G,G,G,G,G,G,G,G,G,G,G
W,W,W,B,G,E,P,P,P,P,P,P,P,P,P,P,P,P,P,P,G,G,G,G,G,G,G,G,G,G,P,P,P,G,G,G,G,G,G,G,G,G,G,G,G,G,G,G,G,G,G,G,G,G,G,G,G,G,G,G,G,G,G,G,G,G,G,G,G,G,G,G,G,G,G,G,G,G,G,G,G,G,G,G,G,G,G,G,G,G,G,G,G,G,G,G,G,G,G,G
W,W,W,B,G,R,P,P,P,P,P,P,P,P,P,P,P,P,P,P,P,P,P,P,P,P,P,P,P,P,P,P,P,G,G,G,G,G,G,G,G,G,G,G,G,G,G,G,G,G,G,G,G,G,G,G,G,G,G,G,G,G,G,G,G,G,G,G,G,G,G,G,G,G,G,G,G,G,G,G,G,G,G,G,G,G,G,G,G,G,G,G,G,G,G,G,G,G,G,G
W,W,W,B,G,R,G,G,G,G,G,G,G,G,G,G,G,G,G,G,G,G,G,G,G,G,G,G,G,G,G,G,G,G,G,G,G,G,G,G,G,G,G,G,G,G,G,G,G,G,G,G,G,G,G,G,G,G,G,G,G,G,G,G,G,G,G,G,G,G,G,G,G,G,G,G,G,G,G,G,G,G,G,G,G,G,G,G,G,G,G,G,G,G,G,G,G,G,G,G
W,W,W,B,G,R,G,G,G,G,G,G,G,G,G,G,G,G,G,G,G,G,G,G,G,G,G,G,G,G,G,G,G,G,G,G,G,G,G,G,G,G,G,G,G,G,G,G,G,G,G,G,G,G,G,G,G,G,G,G,G,G,G,G,G,G,G,G,G,G,G,G,G,G,G,G,G,G,G,G,G,G,G,G,G,G,G,G,G,G,G,G,G,G,G,G,G,G,G,G
W,W,W,B,G,R,G,G,G,G,G,G,G,G,G,G,G,G,G,G,G,G,G,G,G,G,G,G,G,G,G,G,G,G,G,G,G,G,G,G,G,G,G,G,G,G,G,G,G,G,G,G,G,G,G,G,G,G,G,G,G,G,G,G,G,G,G,G,G,G,G,G,G,G,G,G,G,G,G,G,G,G,G,G,G,G,G,G,G,G,G,G,G,G,G,G,G,G,G,G
W,W,W,B,G,R,G,G,G,G,G,G,G,G,G,G,G,G,G,G,G,G,G,G,G,G,G,G,G,G,G,G,G,G,G,G,G,G,G,G,G,G,G,G,G,G,G,G,G,G,G,G,G,G,G,G,G,G,G,G,G,G,G,G,G,G,G,G,G,G,G,G,G,G,G,G,G,G,G,G,G,G,G,G,G,G,G,G,G,G,G,G,G,G,G,G,G,G,G,G
W,W,W,B,G,R,G,G,G,G,G,G,G,G,G,G,G,G,G,G,G,G,G,G,G,G,G,G,G,G,G,G,G,G,G,G,G,G,G,G,G,G,G,G,G,G,G,G,G,G,G,G,G,G,G,G,G,G,G,G,G,G,G,G,G,G,G,G,G,G,G,G,G,G,G,G,G,G,G,G,G,G,G,G,G,G,G,G,G,G,G,G,G,G,G,G,G,G,G,G
W,W,W,B,G,R,G,G,G,G,G,G,G,G,G,G,G,G,G,G,G,G,G,G,G,G,G,G,G,G,G,G,G,G,G,G,G,G,G,G,G,G,G,G,G,G,G,G,G,G,G,G,G,G,G,G,G,G,G,G,G,G,G,G,G,G,G,G,G,G,G,G,G,G,G,G,G,G,G,G,G,G,G,G,G,G,G,G,G,G,G,G,G,G,G,G,G,G,G,G
W,W,W,B,G,R,G,G,G,G,G,G,G,G,G,G,G,G,G,G,G,G,G,G,G,G,G,G,G,G,G,G,G,G,G,G,G,G,G,G,G,G,G,G,G,G,G,G,G,G,G,G,G,G,G,G,G,G,G,G,G,G,G,G,G,G,G,G,G,G,G,G,G,G,G,G,G,G,G,G,G,G,G,G,G,G,G,G,G,G,G,G,G,G,G,G,G,G,G,G
W,W,W,B,G,R,G,G,G,G,G,G,G,G,G,G,G,G,G,G,G,G,G,G,G,G,G,G,G,G,G,G,G,G,G,G,G,G,G,G,G,G,G,G,G,G,G,G,G,G,G,G,G,G,G,G,G,G,G,G,G,G,G,G,G,G,G,G,G,G,G,G,G,G,G,G,G,G,G,G,G,G,G,G,G,G,G,G,G,G,G,G,G,G,G,G,G,G,G,G
W,W,W,B,G,R,G,G,G,G,G,G,G,G,G,G,G,G,G,G,G,G,G,G,G,G,G,G,G,G,G,G,G,G,G,G,G,G,G,G,G,G,G,G,G,G,G,G,G,G,G,G,G,G,G,G,G,G,G,G,G,G,G,G,G,G,G,G,G,G,G,G,G,G,G,G,G,G,G,G,G,G,G,G,G,G,G,G,G,G,G,G,G,G,G,G,G,G,G,G
W,W,W,B,G,R,G,G,G,G,G,G,G,G,G,G,G,G,G,G,G,G,G,G,G,G,G,G,G,G,G,G,G,G,G,G,G,G,G,G,G,G,G,G,G,G,G,G,G,G,G,G,G,G,G,G,G,G,G,G,G,G,G,G,G,G,G,G,G,G,G,G,G,G,G,G,G,G,G,G,G,G,G,G,G,G,G,G,G,G,G,G,G,G,G,G,G,G,G,G
W,W,W,B,G,R,G,G,G,G,G,G,G,G,G,G,G,G,G,G,G,G,G,G,G,G,G,G,G,G,G,G,G,G,G,G,G,G,G,G,G,G,G,G,G,G,G,G,G,G,G,G,G,G,G,G,G,G,G,G,G,G,G,G,G,G,G,G,G,G,G,G,G,G,G,G,G,G,G,G,G,G,G,G,G,G,G,G,G,G,G,G,G,G,G,G,G,G,G,G
W,W,W,B,G,R,G,G,G,G,G,G,G,G,G,G,G,G,G,G,G,G,G,G,G,G,G,G,G,G,G,G,G,G,G,G,G,G,G,G,G,G,G,G,G,G,G,G,G,G,G,G,G,G,G,G,G,G,G,G,G,G,G,G,G,G,G,G,G,G,G,G,G,G,G,G,G,G,G,G,G,G,G,G,G,G,G,G,G,G,G,G,G,G,G,G,G,G,G,G
W,W,W,B,G,R,G,G,G,G,G,G,G,G,G,G,G,G,G,G,G,G,G,G,G,G,G,G,G,G,G,G,G,G,G,G,G,G,G,G,G,G,G,G,G,G,G,G,G,G,G,G,G,G,G,G,G,G,G,G,G,G,G,G,G,G,G,G,G,G,G,G,G,G,G,G,G,G,G,G,G,G,G,G,G,G,G,G,G,G,G,G,G,G,G,G,G,G,G,G
W,W,W,B,G,R,G,G,G,G,G,G,G,G,G,G,G,G,G,G,G,G,G,G,G,G,G,G,G,G,G,G,G,G,G,G,G,G,G,G,G,G,G,G,G,G,G,G,G,G,G,G,G,G,G,G,G,G,G,G,G,G,G,G,G,G,G,G,G,G,G,G,G,G,G,G,G,G,G,G,G,G,G,G,G,G,G,G,G,G,G,G,G,G,G,G,G,G,G,G
W,W,W,B,G,R,G,G,G,G,G,G,G,G,G,G,G,G,G,G,G,G,G,G,G,G,G,G,G,G,G,G,G,G,G,G,G,G,G,G,G,G,G,G,G,G,G,G,G,G,G,G,G,G,G,G,G,G,G,G,G,G,G,G,G,G,G,G,G,G,G,G,G,G,G,G,G,G,G,G,G,G,G,G,G,G,G,G,G,G,G,G,G,G,G,G,G,G,G,G
W,W,W,B,G,R,G,G,G,G,G,G,G,G,G,G,G,G,G,G,G,G,G,G,G,G,G,G,G,G,G,G,G,G,G,G,G,G,G,G,G,G,G,G,G,G,G,G,G,G,G,G,G,G,G,G,G,G,G,G,G,G,G,G,G,G,G,G,G,G,G,G,G,G,G,G,G,G,G,G,G,G,G,G,G,G,G,G,G,G,G,G,G,G,G,G,G,G,G,G
W,W,W,B,G,R,G,G,G,G,G,G,G,G,G,G,G,G,G,G,G,G,G,G,G,G,G,G,G,G,G,G,G,G,G,G,G,G,G,G,G,G,G,G,G,G,G,G,G,G,G,G,G,G,G,G,G,G,G,G,G,G,G,G,G,G,G,G,G,G,G,G,G,G,G,G,G,G,G,G,G,G,G,G,G,G,G,G,G,G,G,G,G,G,G,G,G,G,G,G
W,W,W,B,G,R,G,G,G,G,G,G,G,G,G,G,G,G,G,G,G,G,G,G,G,G,G,G,G,G,G,G,G,G,G,G,G,G,G,G,G,G,G,G,G,G,G,G,G,G,G,G,G,G,G,G,G,G,G,G,G,G,G,G,G,G,G,G,G,G,G,G,G,G,G,G,G,G,G,G,G,G,G,G,G,G,G,G,G,G,G,G,G,G,G,G,G,G,G,G
